driver_id,trips,total_miles,avg_trip_miles,mean_speed,max_speed,hard_brakes_per_mile,rapid_accels_per_mile,night_miles_frac,claim,miles_per_trip
1,50,774.0372196845606,15.48074439369121,38.69374463109237,69.38440092678154,0.011627347847262078,0.011627347847262078,0.13719141006828695,1,15.48074439369121
2,50,681.557692994135,13.6311538598827,39.142815702972854,77.0921359790847,0.011737817769843359,0.019073953875995458,0.12553456189781875,1,13.6311538598827
3,50,713.1944594276122,14.263889188552243,37.29583451174633,70.35534276094333,0.015423563453967743,0.008412852793073316,0.1294356727025597,1,14.263889188552243
4,50,753.2098535410589,15.064197070821178,39.37710021419954,80.83999842176387,0.025225373660043696,0.01194886120738912,0.14983009233694652,1,15.064197070821178
5,50,721.8421441156894,14.436842882313789,36.4734219120958,75.87668793946833,0.011082755509932988,0.015238788826157859,0.18126358613586868,1,14.436842882313789
6,50,747.927920669065,14.958558413381299,38.02338309623304,72.38358960874717,0.01871838129465228,0.008022163411993834,0.13057820901854306,1,14.958558413381299
7,50,708.5090968363637,14.170181936727275,41.815560875294665,75.16494437690584,0.015525559303496913,0.011291315857088664,0.1424039369021233,1,14.170181936727275
8,50,829.8655618944512,16.597311237889024,39.285648861813286,77.35010065572436,0.020485245780282414,0.0084351012036457,0.1489023707164408,1,16.597311237889024
9,50,764.0020399626171,15.280040799252342,41.457887081232045,70.25061673002091,0.022251249487281233,0.015706764343963224,0.1644488416669732,1,15.280040799252342
10,50,732.5392530202951,14.650785060405902,40.881044053095344,85.96608322915318,0.020476718398576278,0.009555801919335595,0.05206546640385395,1,14.650785060405902
11,50,751.6001664933431,15.03200332986686,41.81970487260574,76.65852730731774,0.025279398338409347,0.014635441143289622,0.19328727477867255,1,15.03200332986686
12,50,701.552682310628,14.03105364621256,37.93652054219272,80.2672974590537,0.01567950672467033,0.011403277617942058,0.09935380563374215,1,14.03105364621256
13,50,753.9359314855046,15.078718629710092,37.900255909710246,74.57625158160764,0.02254833506410067,0.007958235904976706,0.11766573285462094,1,15.078718629710092
14,50,743.0222871737005,14.86044574347401,39.11077055497424,67.66714372676512,0.01884196509535809,0.008075127898010612,0.1328284376025215,1,14.86044574347401
15,50,745.2184416942421,14.904368833884842,41.79040803779447,74.2348829437389,0.0241539916257001,0.009393218965550038,0.11471070082701681,1,14.904368833884842
16,50,801.2709895189195,16.02541979037839,40.81303172379488,75.3253898127453,0.023712327350585274,0.009984137831825378,0.1912348472777897,1,16.02541979037839
17,50,707.581570758993,14.15163141517986,42.670102450690685,81.88918794075852,0.02543876316718107,0.019785704685585277,0.18206102456052484,1,14.15163141517986
18,50,685.332484311545,13.7066496862309,40.13561794303956,72.2688620594746,0.024805478200960303,0.021887186647906152,0.1521604842602853,1,13.7066496862309
19,50,723.4851545093047,14.469703090186094,39.543272551682556,64.97897203412143,0.02073297552342117,0.012439785314052704,0.10239630600967542,1,14.469703090186094
20,50,716.2231047194741,14.324462094389482,41.573595315873554,67.5054946461542,0.02652804674242086,0.009773490905102423,0.1923134946850842,1,14.324462094389482
21,50,705.067887463224,14.10135774926448,42.696285289646895,69.26790631338275,0.029784365978652444,0.007091515709202963,0.10909608533239151,1,14.10135774926448
22,50,899.7339355495225,17.99467871099045,41.1172930891729,79.69801236700837,0.017783034926017127,0.014448715877388918,0.19506412109109791,1,17.99467871099045
23,50,700.5987072270295,14.011974144540591,39.7293647566547,67.97462195183795,0.008564103727436217,0.017128207454872434,0.1279675317433134,1,14.011974144540591
24,50,725.3253535951594,14.506507071903188,40.958789038274915,77.80567227694259,0.012408224744096497,0.02343775784996005,0.13989734197249998,1,14.506507071903188
25,50,762.044178880713,15.24088357761426,38.6541820153169,74.93566909154497,0.026245197528279668,0.014434858640553818,0.17077992892498767,1,15.24088357761426
26,50,690.2123487963029,13.804246975926057,41.78342884965939,82.18620137038569,0.017385953787884878,0.014488294823237397,0.1389877918225305,1,13.804246975926057
27,50,720.0584685756152,14.401169371512303,40.33470883676684,75.1246969414498,0.012498985002986445,0.009721432780100568,0.10926160077840164,1,14.401169371512303
28,50,767.1563847404271,15.343127694808542,39.744537495009574,74.00276055273756,0.01564218227038583,0.019552727837982283,0.08368405832270573,1,15.343127694808542
29,50,712.6989632965456,14.253979265930912,40.382650138748005,78.45835405773803,0.015434286517157496,0.009821818692736588,0.14155156576987962,1,14.253979265930912
30,50,714.4026551117547,14.288053102235095,40.16080604607236,79.59808809642453,0.015397479168493934,0.011198166667995588,0.13273478257498358,1,14.288053102235095
31,50,737.0980910730478,14.741961821460956,40.742689635663936,71.71486987499983,0.018993401515419978,0.018993401515419978,0.11249352594900282,1,14.741961821460956
32,50,724.7551884307916,14.49510376861583,39.77342007051484,72.33234963069393,0.017937091320652753,0.016557315065217924,0.1906806908684102,1,14.49510376861583
33,50,763.9867001508168,15.279734003016335,41.102881134991414,70.26242583358929,0.03403200604783749,0.01570707971438653,0.14284690008826686,1,15.279734003016335
34,50,747.4637060291338,14.949274120582677,39.567264258514555,71.88729709643222,0.02675715200440844,0.01873000640308591,0.14302621929507997,1,14.949274120582677
35,50,753.8885720187363,15.077771440374727,41.44086730715933,76.6381848992704,0.0252026635038683,0.011938103764990248,0.22127406489338053,1,15.077771440374727
36,50,759.6208934323317,15.192417868646634,40.22275811613006,77.34051506313038,0.02106313838697133,0.01974669223778562,0.12948266324078633,1,15.192417868646634
37,50,779.9650790207955,15.599301580415911,40.96617300813264,73.68491444352836,0.015385304192163782,0.011538978144122837,0.1637896399454929,1,15.599301580415911
38,50,752.5111235786704,15.05022247157341,39.51743806348111,73.42902517721846,0.018604376149844892,0.023919912192657718,0.11170065901581974,1,15.05022247157341
39,50,713.4549331932378,14.269098663864757,39.567458939010606,71.09130707710862,0.022426083632764555,0.019622823178668987,0.14310639263967287,1,14.269098663864757
40,50,794.4160012180782,15.888320024361565,38.85345186399577,83.03753044656972,0.022658153879580218,0.030210871839440292,0.18477927756692228,1,15.888320024361565
41,50,782.0178562007654,15.640357124015308,40.735428873090605,76.58290471318475,0.019181147695109778,0.014066174976413838,0.11769579788800812,1,15.640357124015308
42,50,726.8991288875172,14.537982577750345,40.42002727095778,73.48932625241949,0.022011307159615395,0.01788418706718751,0.1603503779683628,1,14.537982577750345
43,50,735.8729008724006,14.717458017448012,42.24589151230647,80.84558951765209,0.019025024543508202,0.010871442596290401,0.18813935270477142,1,14.717458017448012
44,50,769.8420589979849,15.396841179959697,40.069177269055814,71.35386418586124,0.020783483849694268,0.016886580627876593,0.16038631378742554,1,15.396841179959697
45,50,761.8039826704791,15.23607965340958,39.19576923633523,68.84445395675901,0.02625347261888898,0.011814062678500041,0.13112150596488656,1,15.23607965340958
46,50,682.143398033811,13.64286796067622,39.74760705279673,74.45013040284937,0.023455478783666172,0.011727739391833086,0.17245204705405986,1,13.64286796067622
47,50,805.3499696602893,16.106999393205786,40.91984032399549,76.87556065405448,0.018625443055926682,0.026075620278297358,0.17488792711833645,1,16.106999393205786
48,50,795.0429443482733,15.900858886965466,44.37342866625159,82.13064330467053,0.0276714612165186,0.016351317991579174,0.14259472828041145,1,15.900858886965466
49,50,725.7765039999658,14.515530079999316,38.23811030723065,80.10634189933397,0.022045354061228678,0.01653401554592151,0.08853421793751233,1,14.515530079999316
50,50,768.4556780684098,15.369113561368197,38.86197938286247,68.20014738163891,0.011711801027513258,0.019519668379188764,0.0950701182072947,1,15.369113561368197
51,50,760.5613089710092,15.211226179420185,40.795275385399286,75.77348066292959,0.027611186307138946,0.017092639142514587,0.10799617873430468,1,15.211226179420185
52,50,774.2734829739207,15.485469659478415,39.9816036415113,78.90358216344877,0.015498399808177578,0.01808146644287384,0.18130981541975075,1,15.485469659478415
53,50,771.7198807499403,15.434397614998806,36.34262671281995,68.42278310968642,0.014253876664820975,0.016845490603879333,0.16703454663358652,1,15.434397614998806
54,50,791.6036175587603,15.832072351175206,41.82939332126148,74.82674230808178,0.015159102022558966,0.017685619026318794,0.16589025571984817,1,15.832072351175206
55,50,738.2801668195782,14.765603336391564,42.471997417201095,73.25072813612108,0.012190494075942622,0.017608491443028233,0.15156736232166537,1,14.765603336391564
56,50,793.9130511243812,15.878261022487624,40.030061723446146,75.16608803266676,0.013855421553306402,0.010076670220586476,0.15190111267740447,1,15.878261022487624
57,50,712.6320005196734,14.252640010393469,41.19693805689073,78.37537719175657,0.023855229610237925,0.019645483208431232,0.1591987087964609,1,14.252640010393469
58,50,763.7875890001174,15.275751780002347,38.03997055335626,77.08719284038771,0.01571117437992064,0.009164851721620374,0.15476713631197217,1,15.275751780002347
59,50,777.6556993123676,15.553113986247352,41.00039820919711,82.08060949342237,0.024432406290856627,0.011573245085142613,0.21967556414692016,1,15.553113986247352
60,50,704.3116515861369,14.086233031722738,40.45275015197083,70.07661700764692,0.018457738091828386,0.015618086077700943,0.10287045641886605,1,14.086233031722738
61,50,756.031252655339,15.12062505310678,39.74643114122347,72.43732941365136,0.02380853957661176,0.021163146290321563,0.15463521212469072,1,15.12062505310678
62,50,700.6336619975667,14.012673239951335,44.19851809684775,73.70815668510097,0.01712735292476095,0.019981911745554443,0.17193422071008888,1,14.012673239951335
63,50,774.7674232938066,15.495348465876132,42.444834678627494,78.7683541052178,0.015488519056446402,0.015488519056446402,0.12172531966265672,1,15.495348465876132
64,50,795.6063139740589,15.912126279481178,40.13584674974066,82.74512242369237,0.0175966426536636,0.0175966426536636,0.21764968967701362,1,15.912126279481178
65,50,741.9393403887773,14.838786807775545,40.264519926154385,75.67900533774916,0.01752164805439213,0.016173828973285044,0.13105457693877492,1,14.838786807775545
66,50,726.36138264047,14.5272276528094,42.05955701579186,72.73741449764655,0.020650877591360903,0.022027602764118293,0.11390851064756856,1,14.5272276528094
67,50,703.485287382381,14.06970574764762,40.10507848685934,74.04496141205897,0.011371950691061977,0.008528963018296483,0.10740684441606992,1,14.06970574764762
68,50,733.5438780496107,14.670877560992215,41.20978752915897,77.76539063852351,0.02181191947582159,0.014995694639627341,0.14741942229492422,1,14.670877560992215
69,50,763.0554720653258,15.261109441306516,40.30765825772598,67.03672236843002,0.02621041422567478,0.019657810669256086,0.21260294773309382,1,15.261109441306516
70,50,788.0614019485324,15.761228038970648,38.82128024698659,71.36020216015781,0.0190340498378826,0.017765113182023763,0.18082791262640377,1,15.761228038970648
71,50,799.6182652418848,15.992365304837698,39.21919005831685,72.49154995412981,0.023761338160844154,0.015007160943691044,0.21058769386279713,1,15.992365304837698
72,50,773.4645752091351,15.469291504182701,39.69422674084091,84.80451778730139,0.016807492439437143,0.01810037647324,0.2093530403342872,1,15.469291504182701
73,50,757.1109958933506,15.142219917867012,41.20186955359722,76.91295071317495,0.014528913276474854,0.019812154467920257,0.09701009768894166,1,15.142219917867012
74,50,786.916616470034,15.73833232940068,40.0103020607877,71.24314850718903,0.020332522741447645,0.015249392056085734,0.12077018795079496,1,15.73833232940068
75,50,769.0040882472708,15.380081764945416,41.09646746039507,76.37758331537047,0.016904981649226148,0.013003832037866267,0.1393780283254654,1,15.380081764945416
76,50,678.7107527423615,13.57421505484723,41.27830243933289,79.31305035512625,0.030941015616959878,0.013260435264411376,0.10529921459863797,1,13.57421505484723
77,50,770.9203854711196,15.418407709422393,40.111660968551185,80.73574618492192,0.022051563715766935,0.022051563715766935,0.168581906940004,1,15.418407709422393
78,50,785.7581267525942,15.715162535051883,42.780591575644905,73.99563281567085,0.021635156444716815,0.016544531398901094,0.0990882600024459,1,15.715162535051883
79,50,722.795140017151,14.455902800343019,39.48447664532073,79.1270090503855,0.009684625162025715,0.012451660922604491,0.10680696055356315,1,14.455902800343019
80,50,722.1528481762128,14.443056963524256,39.290165794405354,74.8213504110897,0.01800172918078399,0.022155974376349523,0.09577478393075897,1,14.443056963524256
81,50,696.882743019699,13.93765486039398,39.01124873597508,72.4556490421326,0.02152442451796513,0.015784577979841095,0.09387090429380195,1,13.93765486039398
82,50,716.7914147791233,14.335828295582466,41.03361773904062,73.65775612030154,0.022321695921721302,0.013951059951075814,0.12459363873594519,1,14.335828295582466
83,50,709.4766794161187,14.189533588322375,37.605868660803246,64.61020784797336,0.02114234397717571,0.015504385583262188,0.15783623323343215,1,14.189533588322375
84,50,770.8900514768545,15.41780102953709,40.732060057303144,89.70984390488806,0.012972018488034988,0.014269220336838487,0.21208951144301516,1,15.41780102953709
85,50,765.3160186553638,15.306320373107276,39.090522402393425,76.77242317436298,0.023519695865801212,0.010453198162578316,0.15215835529165547,1,15.306320373107276
86,50,807.4948812667218,16.149897625334436,39.68150268635766,84.72096658433361,0.019814367089114802,0.01609917325990578,0.1289601176221459,1,16.149897625334436
87,50,783.8758474676688,15.677516949353375,39.11823965472428,80.92815665842438,0.03316851780035534,0.0127571222309059,0.14960237660199097,1,15.677516949353375
88,50,726.9092868900158,14.538185737800315,39.637177210658606,77.12627023704738,0.019259624622347486,0.008254124838148922,0.08041387801355673,1,14.538185737800315
89,50,759.6110656364922,15.192221312729844,39.650943293085454,74.12016478458094,0.01974694771913469,0.018430484537859042,0.20223629466834356,1,15.192221312729844
90,50,702.8185501269619,14.056371002539239,37.49738549938702,68.78654715822353,0.022765477657226967,0.017074108242920227,0.1926431233954978,1,14.056371002539239
91,50,714.1343123931308,14.282686247862616,42.717556222274816,77.4512603640329,0.01960415534871121,0.01820385853808898,0.2141855926150068,1,14.282686247862616
92,50,708.6353111721915,14.172706223443829,37.6802883511293,75.51177461714562,0.02540093573692403,0.008466978578974677,0.18891927627958766,1,14.172706223443829
93,50,769.7038418111528,15.394076836223055,39.25464829227444,65.77171030685427,0.023385617976967702,0.011692808988483851,0.19394347850114924,1,15.394076836223055
94,50,788.5481247942854,15.770962495885708,41.09312733120144,73.79036446607793,0.017754147857053478,0.015217841020331553,0.11767798387765573,1,15.770962495885708
95,50,705.8484048588446,14.11696809717689,37.8941528592893,73.30693546356204,0.011333878414869885,0.008500408811152415,0.1260220990076923,1,14.11696809717689
96,50,780.3904701145082,15.607809402290163,38.53662880841253,70.71678848897218,0.019221147072438008,0.014095507853121206,0.13771192371272223,1,15.607809402290163
97,50,769.5050555668231,15.390101111336461,40.02626593496202,76.59400623641473,0.020792585941120663,0.01819351269848058,0.21263880369229649,1,15.390101111336461
98,50,718.9061651555643,14.378123303111286,42.34633540643312,75.6128483331758,0.01669202544313042,0.01669202544313042,0.15926599074819722,1,14.378123303111286
99,50,777.540025329594,15.550800506591878,39.98324910385659,81.59436842134568,0.02572214850485946,0.015433289102915677,0.18776082863864998,1,15.550800506591878
100,50,700.7204977000993,14.014409954001986,39.36457218061686,69.29067104713228,0.018552332981079507,0.011416820296048928,0.16418630821443692,1,14.014409954001986
101,50,713.4813362830512,14.269626725661023,38.352423323409134,76.98993743222772,0.019622097016488663,0.014015783583206187,0.12653202640159908,1,14.269626725661023
102,50,736.7279934748993,14.734559869497987,41.839070695470326,71.22831823199859,0.01764558984474494,0.01221617758482342,0.15463443485972103,1,14.734559869497987
103,50,717.871197529398,14.357423950587961,40.43225640702112,73.13946578606397,0.013930075526662264,0.012537067973996037,0.13666988533566782,1,14.357423950587961
104,50,779.4962334432665,15.589924668865331,41.8007387280801,80.15998628072609,0.01667743786596009,0.02309183704517551,0.18532543231197693,1,15.589924668865331
105,50,746.8254873798173,14.936509747596347,40.309081962992884,68.96205067544537,0.01874601260478934,0.017407011704447244,0.10351623860130678,1,14.936509747596347
106,50,747.9308639445965,14.958617278891928,39.69662523291468,70.66090112348168,0.013370219738305595,0.012033197764475036,0.1798923683572373,1,14.958617278891928
107,50,825.5084048024798,16.510168096049597,38.41668739223453,69.29040567489542,0.02180474468252916,0.007268248227509719,0.19244104908099266,1,16.510168096049597
108,50,818.6222061747605,16.37244412349521,40.15743514478924,79.02699007161483,0.019545035401329316,0.01710190597616315,0.12296068462558231,1,16.37244412349521
109,50,738.0064001490481,14.760128002980961,38.80914893132877,77.44052482921364,0.02303503058586846,0.016260021590024796,0.1714547825769182,1,14.760128002980961
110,50,724.6830573111665,14.49366114622333,39.05219861554822,85.56031625722598,0.019318790274944483,0.01379913591067463,0.11438581372414951,1,14.49366114622333
111,50,767.8397892583853,15.356795785167705,38.64386448779759,69.01580533797078,0.024744745278635617,0.007814130087990196,0.1399351063217933,1,15.356795785167705
112,50,711.875077626768,14.23750155253536,40.63282957339396,77.30417163959254,0.014047408476972896,0.015452149324670185,0.14325320522012788,1,14.23750155253536
113,50,742.6370606171093,14.852741212342186,41.42735450740419,77.7008326365722,0.0255845028582489,0.014812080602144102,0.07639824461866493,1,14.852741212342186
114,50,733.3854123197133,14.667708246394266,40.47300849082689,90.07567658841562,0.01908955341191981,0.012271855764805592,0.17100261765520752,1,14.667708246394266
115,50,692.2617308429883,13.845234616859766,40.3881876576714,72.92378043020783,0.014445403457190526,0.013000863111471472,0.17972027711008273,1,13.845234616859766
116,50,712.7247604009536,14.254495208019073,39.287274096646904,73.80290053279273,0.01823986021291959,0.021045992553368753,0.18920318474754344,1,14.254495208019073
117,50,743.5666287012951,14.871332574025903,39.70413213145749,70.74533598326664,0.017483302098570037,0.01344869392197695,0.1614353521591231,1,14.871332574025903
118,50,718.7869412396104,14.375738824792208,36.84934298145326,72.4250526863151,0.022259725493073944,0.015303561276488338,0.1398113327772272,1,14.375738824792208
119,50,772.1833329026009,15.443666658052019,39.198017837600844,78.2731264158779,0.014245321714794746,0.016835380208393792,0.06576544849228894,1,15.443666658052019
120,50,799.7342307576678,15.994684615153355,39.64022135406527,73.04491983234942,0.02375789264641006,0.016255400231754254,0.16878825979768664,1,15.994684615153355
121,50,774.072089996742,15.481441799934839,39.86883941019009,78.86693065259104,0.020669909439658705,0.020669909439658705,0.14987468718619426,1,15.481441799934839
122,50,755.7946305800634,15.115892611601268,38.06785461989229,72.78160675587476,0.022492882738466533,0.009261775245250925,0.1512953757915839,1,15.115892611601268
123,50,780.6163428524138,15.612326857048277,40.11110257252802,85.7435135073238,0.023058702478898966,0.01409142929266048,0.15466385247841696,1,15.612326857048277
124,50,726.4718080548118,14.529436161096237,41.45064909968741,75.14304280784935,0.017894706795035267,0.011012127258483242,0.10589267284737022,1,14.529436161096237
125,50,743.1621390155927,14.863242780311856,40.03866001618177,76.09750011585135,0.022875223464045864,0.014801615182617913,0.13091903105387953,1,14.863242780311856
126,50,775.7256567204039,15.514513134408078,40.96514189113876,70.56763568642906,0.01933673312214099,0.01675850203918886,0.1250762566106675,1,15.514513134408078
127,50,783.9393818304028,15.678787636608057,39.082005610132626,70.15976351571011,0.02296095899401328,0.02551217666001476,0.11184240719030142,1,15.678787636608057
128,50,747.5676074028119,14.951352148056237,39.94408712939835,77.84870656877345,0.017389731539016795,0.01203904491162701,0.16711559438862805,1,14.951352148056237
129,50,754.6287825308266,15.092575650616531,39.99884109338676,70.15291281170286,0.01987732292650426,0.013251548617669508,0.1659827217544681,1,15.092575650616531
130,50,773.6654517363003,15.473309034726006,42.14959427304341,75.28268396975471,0.02714351526602449,0.012925483460011662,0.2097181740680032,1,15.473309034726006
131,50,710.574282962504,14.21148565925008,38.609244303771455,72.46081558909086,0.01548043640721016,0.01688774880786563,0.15386179689605992,1,14.21148565925008
132,50,759.3082008011304,15.186164016022609,41.67550382880839,77.50813502411478,0.018437835894869685,0.018437835894869685,0.10885438969270021,1,15.186164016022609
133,50,727.1991123599144,14.543982247198286,40.96940438743204,74.08780019918116,0.022002227076538403,0.019251948691971103,0.14338453190086245,1,14.543982247198286
134,50,704.9284202325156,14.098568404650312,39.585429671824414,75.92549784865352,0.017023004968422028,0.021278756210527536,0.12177697751693883,1,14.098568404650312
135,50,775.2018186370756,15.504036372741512,39.577355664613975,84.36410801880605,0.019349799806161853,0.016769826498673604,0.1309818637521338,1,15.504036372741512
136,50,730.8955840059523,14.617911680119045,41.268872969325436,81.46360277089704,0.017786398337158553,0.012313660387263614,0.2077617862937343,1,14.617911680119045
137,50,755.6688410424011,15.113376820848023,39.562407154652384,74.50577706259675,0.026466619918337722,0.01984996493875329,0.1318903713978329,1,15.113376820848023
138,50,754.218990400564,15.084379808011281,39.6119407018298,71.78079103056953,0.025191622382657246,0.019888122933676772,0.16823385643841673,1,15.084379808011281
139,50,816.4836019140442,16.329672038280886,40.18199156462433,80.67016843475739,0.01592193642288064,0.013472407742437466,0.13918721857576305,1,16.329672038280886
140,50,751.5243842895964,15.030487685791927,40.16271999261761,76.39027113193657,0.01862880339303158,0.00931440169651579,0.12986213659757237,1,15.030487685791927
141,50,728.1269910934641,14.562539821869281,42.53854907754846,75.88203994938533,0.020600802035196857,0.013733868023464572,0.2232041887763826,1,14.562539821869281
142,50,734.8435829353133,14.696871658706266,41.39045756373338,77.41771011976631,0.019051673478697833,0.008165002919441928,0.1670312876992277,1,14.696871658706266
143,50,727.3496934089172,14.546993868178344,41.95945225968664,79.7928576266017,0.02749709002593333,0.012373690511669998,0.11144783933854158,1,14.546993868178344
144,50,733.6702984491417,14.673405968982834,38.86819714010368,73.19474538086611,0.013630100633947364,0.017719130824131575,0.15597939642145184,1,14.673405968982834
145,50,752.6442012435333,15.052884024870666,39.78255363085963,76.74072278382114,0.02657298092107215,0.02125838473685772,0.14897999881813997,1,15.052884024870666
146,50,696.3290366036479,13.926580732072956,41.14964467600596,85.92511999898022,0.027285951039285532,0.01436102686278186,0.14715211779323373,1,13.926580732072956
147,50,829.7894527173759,16.595789054347517,39.66571546345389,70.86400035701595,0.027717874606239108,0.01687174976031946,0.09495078191210135,1,16.595789054347517
148,50,730.1163669353464,14.602327338706928,40.10248454745154,72.10195393245944,0.013696446830763246,0.01780538087999222,0.14171780890594948,1,14.602327338706928
149,50,727.6230704975482,14.552461409950963,39.061807279086196,74.46142914185597,0.017866393366431615,0.013743379512639703,0.18295846440264718,1,14.552461409950963
150,50,784.7599573504133,15.695199147008266,40.09194143558322,77.28336037724452,0.014017025074953268,0.019114125102209,0.19291108515770164,1,15.695199147008266
151,50,729.476125368623,14.58952250737246,41.47617733657261,81.09895424094123,0.020562701750410427,0.013708467833606951,0.06532888692017749,1,14.58952250737246
152,50,802.4028446519112,16.048056893038225,38.968018183629994,82.97114702282134,0.018693851972206205,0.017447595174059125,0.1496085049646423,1,16.048056893038225
153,50,696.9266817501722,13.938533635003443,42.4391493770558,76.11328645223284,0.021523067480112724,0.018653325149431025,0.11380193181912207,1,13.938533635003443
154,50,761.6783818705302,15.233567637410603,39.85454092820962,76.68720259302279,0.014441790999747418,0.017067571181519674,0.15603975318848845,1,15.233567637410603
155,50,712.9672635231017,14.259345270462033,41.13945407228796,75.66225634338454,0.023844012018160724,0.014025889422447485,0.11246101389232578,1,14.259345270462033
156,50,715.5382875702009,14.310765751404016,42.3247759417589,77.9730308296173,0.018168140301960543,0.008385295523981788,0.14044366593666813,1,14.310765751404016
157,50,731.9451398471825,14.63890279694365,41.7322536276128,79.85988847738855,0.02322578438535613,0.013662226109033017,0.1314572636849641,1,14.63890279694365
158,50,749.7370808545825,14.99474161709165,39.59583285772277,87.44266011232699,0.020007013635903348,0.017339411817782903,0.1069675894870931,1,14.99474161709165
159,50,778.23514955604,15.5647029911208,39.47484500829169,74.49187827354291,0.02055933866406256,0.016704462664550827,0.1399037680081024,1,15.5647029911208
160,50,792.1413477142438,15.842826954284876,41.43679731076252,88.01848852261142,0.017673613478702468,0.008836806739351234,0.1463302655820704,1,15.842826954284876
161,50,730.2797883567262,14.605595767134524,40.30171457450476,80.45315091820622,0.021909410961520877,0.012324043665855494,0.25284399244134115,1,14.605595767134524
162,50,757.9394709154469,15.158789418308938,41.011912857095915,79.61704434969494,0.015832398839852317,0.02110986511980309,0.10749863344187086,1,15.158789418308938
163,50,751.9642588287604,15.03928517657521,40.823802458428766,75.78598287749352,0.0239373079088045,0.01196865395440225,0.2129058551988303,1,15.03928517657521
164,50,763.6891345572371,15.273782691144742,41.50687563585718,73.16196866198823,0.019641499821385473,0.015713199857108378,0.11453491808868321,1,15.273782691144742
165,50,707.2311560359527,14.144623120719054,39.24210321220208,73.85068928759569,0.021209472846297317,0.011311718851358569,0.13309680580504507,1,14.144623120719054
166,50,750.4713052502326,15.009426105004652,38.911552211287656,71.9797630700061,0.022652431719999772,0.013324959835293982,0.11393917845669665,1,15.009426105004652
167,50,649.831532836639,12.99663065673278,42.584327245221715,67.8388992071627,0.021544045329544598,0.01692746418749933,0.12351427479299609,1,12.99663065673278
168,50,769.37209947761,15.387441989552201,40.92848626412913,74.18640323428528,0.011697850761823623,0.020796179132130884,0.11439013341638034,1,15.387441989552201
169,50,745.7495781234065,14.914991562468131,36.79998054981954,73.55843176436787,0.018773057887916476,0.024136788713035467,0.1672112614883599,1,14.914991562468131
170,50,778.6101543818075,15.57220308763615,36.48929813950032,82.83429540404103,0.02183377638260764,0.015412077446546569,0.18176558910624685,1,15.57220308763615
171,50,736.5804482106769,14.731608964213537,40.02169559860167,74.94531103211787,0.01493387453701972,0.016291499494930604,0.19480738642899165,1,14.731608964213537
172,50,749.4564563446231,14.989129126892463,39.06683835875253,81.55686610960736,0.022683105677567046,0.01868020467564345,0.15908771403758157,1,14.989129126892463
173,50,738.9754079157108,14.779508158314215,40.05162796313957,75.71938125970951,0.023004825083352512,0.014885475053933978,0.12755133548588582,1,14.779508158314215
174,50,684.5067310921577,13.690134621843153,40.439297835198836,72.6527758960743,0.018991778180556362,0.017530872166667412,0.1284671939768687,1,13.690134621843153
175,50,783.8836523138566,15.677673046277132,41.55885469776461,74.68154339549287,0.029341088989557222,0.017859793297991353,0.15321814108145287,1,15.677673046277132
176,50,767.609991913866,15.35219983827732,41.287273987734494,70.55405270118727,0.020843918355084895,0.01954117345789209,0.1165229797293473,1,15.35219983827732
177,50,731.8352462781471,14.636704925562942,39.37199345105099,71.46024230349732,0.024595699771965858,0.015030705416201356,0.1051462427351174,1,14.636704925562942
178,50,799.2265090257481,15.984530180514962,42.13683157068133,82.02236247538674,0.022521775487579714,0.02127056573826973,0.1551272582357051,1,15.984530180514962
179,50,735.5944144148776,14.711888288297553,42.12966098390319,80.65641245240536,0.02039167196767205,0.010875558382758428,0.18829073190570356,1,14.711888288297553
180,50,737.0849448348217,14.741698896696434,39.96807292110927,74.18671768648176,0.012210261602910463,0.009496870135597026,0.11992935332866654,1,14.741698896696434
181,50,752.8566460845635,15.05713292169127,40.30266163695744,75.95521035522208,0.029222030667348166,0.010626192969944787,0.15173067826962372,1,15.05713292169127
182,50,767.0124445103581,15.340248890207162,40.98777657601951,84.5474615270122,0.016948877548263096,0.01564511773685824,0.16279849019757686,1,15.340248890207162
183,50,759.8815731464061,15.197631462928122,38.542159440227685,73.41624264038202,0.02237190715075363,0.01710792899763513,0.15387992012601454,1,15.197631462928122
184,50,772.456999000179,15.449139980003581,38.837894970725245,77.49925323238612,0.0181239862129811,0.014240274881628007,0.1434330636607944,1,15.449139980003581
185,50,779.3701002759092,15.587402005518184,40.37737276820601,76.60407939038475,0.024378661682394154,0.012830874569681135,0.1742048439915059,1,15.587402005518184
186,50,699.2061045128835,13.984122090257669,37.883406585570285,66.60719926579479,0.02574348233492623,0.01573212809356603,0.12824239579107535,1,13.984122090257669
187,50,737.0148592285591,14.740297184571181,39.2652582666084,77.743400480313,0.02442284544824616,0.010854597976998294,0.12684378785298484,1,14.740297184571181
188,50,832.3827176866081,16.64765435373216,38.76772671807811,71.20013193481913,0.014416445398278917,0.008409593148996034,0.10147145630578164,1,16.64765435373216
189,50,702.026412319336,14.040528246386721,39.63428006384068,70.83060360008903,0.012820030474731058,0.009971134813679712,0.12654923734921494,1,14.040528246386721
190,50,757.2908889766858,15.145817779533715,42.19845235112777,74.12790845186964,0.025089434293438254,0.015845958501118897,0.1425698112600772,1,15.145817779533715
191,50,795.1867821284267,15.903735642568533,42.415844413706935,77.33113710195906,0.011318095574866401,0.021378624974747646,0.15452484364474864,1,15.903735642568533
192,50,767.6563897629616,15.353127795259232,38.3025060726156,91.8424928893014,0.02084265852973687,0.010421329264868434,0.16633829168287598,1,15.353127795259232
193,50,789.7010297892722,15.794020595785444,38.854950526277555,75.17120295863069,0.026592342174865523,0.012663020083269296,0.05356020012919932,1,15.794020595785444
194,50,676.4386265124787,13.528772530249574,40.05440145547848,87.97981544646024,0.0251316221955672,0.01034831502170414,0.16335010925534488,1,13.528772530249574
195,50,738.3891958117492,14.767783916234984,40.263750503826465,79.03679073578313,0.020314490088807067,0.020314490088807067,0.1405543553796553,1,14.767783916234984
196,50,769.7046201014349,15.394092402028697,40.37493800705082,83.51683292942461,0.020787194960440084,0.01688959590535757,0.1522326343080143,1,15.394092402028697
197,50,706.1405562804503,14.122811125609005,36.824038675831865,70.67446117875883,0.016993783876696197,0.018409932533087547,0.16098010431065987,1,14.122811125609005
198,50,777.487007950442,15.549740159008842,41.9748562274748,79.03267806393863,0.012861951258016922,0.015434341509620305,0.12173860964624669,1,15.549740159008842
199,50,746.7059390394905,14.934118780789811,41.49661035367549,81.2156111164084,0.016070583308117177,0.013392152756764314,0.13765289260844335,1,14.934118780789811
200,50,779.840214591802,15.59680429183604,40.02913840433896,78.7819160814274,0.015387767616320294,0.012823139680266911,0.12418277995193149,1,15.59680429183604
201,50,804.35325881542,16.0870651763084,40.27483529788462,74.01527410992156,0.014918818154193261,0.01616205300037603,0.17240168947973858,1,16.0870651763084
202,50,789.7562919768712,15.795125839537425,39.36712575604533,71.76379955067198,0.015194560805539528,0.020259414407386038,0.16394938382818977,1,15.795125839537425
203,50,751.239400802408,15.02478801604816,41.781306946602754,77.83061267715968,0.02529153819635374,0.01597360307138131,0.1609376690620075,1,15.02478801604816
204,50,688.5125791991774,13.770251583983548,38.503646386355705,70.22870089265135,0.018881281755404614,0.01452406288877278,0.14540146507417515,1,13.770251583983548
205,50,726.312998945709,14.52625997891418,39.859796904977486,77.49959318154788,0.023405887027599145,0.017898619491693465,0.10188280687308393,1,14.52625997891418
206,50,768.040101862326,15.36080203724652,40.483192565374964,75.3792925149848,0.013020153473434824,0.01562418416812179,0.13618239204960683,1,15.36080203724652
207,50,827.1180066025674,16.54236013205135,40.65965166121118,74.49104299365155,0.01692624255335193,0.012090173252394237,0.17900281855811076,1,16.54236013205135
208,50,715.9724563306916,14.319449126613831,39.66112518867204,74.15729005305332,0.023743930160559253,0.013967017741505444,0.13037005980046845,1,14.319449126613831
209,50,772.553358403338,15.45106716806676,41.082875541274504,80.69133781411537,0.020710543583769718,0.018121725635798502,0.2133378605415418,1,15.45106716806676
210,50,782.0670063678531,15.641340127357061,38.63249333302637,67.05775635085176,0.015343953781826819,0.01790127941213129,0.08674608152896711,1,15.641340127357061
211,50,831.3225610544487,16.626451221088974,42.60437504991533,76.83076675134838,0.02405805031278355,0.01443483018767013,0.15090794121985773,1,16.626451221088974
212,50,756.4089985790444,15.128179971580886,43.896082536504494,74.10431847804409,0.019830541450694426,0.014542397063842579,0.15124108505132347,1,15.128179971580886
213,50,733.1801274715044,14.663602549430088,40.14770194279652,68.96901480119203,0.02318666227169492,0.01363921310099701,0.18501310537651114,1,14.663602549430088
214,50,767.7755598226006,15.355511196452012,38.09565169202729,68.21364687761465,0.014327103616767404,0.020839423442570768,0.16942689868973718,1,15.355511196452012
215,50,758.7461069145428,15.174922138290857,38.709893268525654,65.76790183733101,0.023723350717669428,0.018451495002631775,0.1958846809910293,1,15.174922138290857
216,50,696.6240844542274,13.932481689084547,37.575199144890185,78.11592901960839,0.015790438839934726,0.018661427719922855,0.16071747435988518,1,13.932481689084547
217,50,740.8513691250994,14.817027382501987,37.71625855828595,65.64568835554103,0.017547379328396482,0.020246976148149787,0.19541830156449191,1,14.817027382501987
218,50,754.2140336829655,15.08428067365931,39.7513825644726,76.15494091065196,0.017236486487156193,0.018562370063091284,0.16689865420320515,1,15.08428067365931
219,50,742.0813289820264,14.84162657964053,40.5381650537428,80.84449030551244,0.014823173108383682,0.014823173108383682,0.10177386250609971,1,14.84162657964053
220,50,739.9959933578407,14.799919867156813,42.13283009696945,71.98753848224798,0.021621738689959178,0.02027038002183673,0.2112983250418151,1,14.799919867156813
221,50,706.0520151791048,14.121040303582097,38.49835407296126,72.11880293779481,0.019828567441236757,0.008497957474815753,0.1370336668229566,1,14.121040303582097
222,50,801.1475284456305,16.02295056891261,39.319133033704624,76.63362299315713,0.017474933770516028,0.021219562435626605,0.11272895717840371,1,16.02295056891261
223,50,790.4729218596823,15.809458437193646,40.47463856092145,81.06499112821206,0.01138558924804966,0.010120523776044141,0.13976622498800045,1,15.809458437193646
224,50,792.5276009350831,15.850552018701663,39.357304374363636,68.67827577456606,0.0227121427427414,0.01766499991102109,0.1222732692289127,1,15.850552018701663
225,50,693.547954174065,13.870959083481301,40.541691964677355,84.23051823933362,0.02306978184234447,0.015860475016611822,0.1262524254553286,1,13.870959083481301
226,50,774.6991927306905,15.49398385461381,38.881692759771056,76.9488622360089,0.016780706785271174,0.020653177581872212,0.1843303353312748,1,15.49398385461381
227,50,772.3554778376179,15.447109556752357,37.73156265012043,73.47187182660215,0.01812636849446078,0.012947406067471988,0.11619157865985442,1,15.447109556752357
228,50,754.5848929871158,15.091697859742316,41.47573315854253,74.37510956106198,0.02650463875685024,0.01325231937842512,0.14602935982723056,1,15.091697859742316
229,50,717.9714260405674,14.359428520811347,42.01646646919916,84.95469829875904,0.029249074877268782,0.015320943983331265,0.1760438289566161,1,14.359428520811347
230,50,649.8550407404459,12.997100814808919,41.09629936637595,79.48522669289773,0.02154326599367203,0.015388047138337163,0.08929539760455313,1,12.997100814808919
231,50,764.2107572510712,15.284215145021424,39.875367583958734,67.3258437686584,0.017011014143221523,0.013085395494785787,0.1666050464862574,1,15.284215145021424
232,50,769.5301720222443,15.390603440444886,38.800156874646476,69.23339175320308,0.022091401504538526,0.0207919072983892,0.2110137538882509,1,15.390603440444886
233,50,808.0567694571673,16.161135389143347,41.209620289776915,71.09381949632582,0.02351319946587878,0.01113783132594258,0.19220564298167456,1,16.161135389143347
234,50,756.4063568779811,15.128127137559623,40.3039266364662,75.57598078675497,0.015864488566078735,0.015864488566078735,0.14097497292611472,1,15.128127137559623
235,50,790.6582711119369,15.813165422238738,40.36451319107479,68.99194655221216,0.02908968493765848,0.015177226923995727,0.15901873383891194,1,15.813165422238738
236,50,791.789467556774,15.83578935113548,40.535907458253625,78.91152828656361,0.022733315783477936,0.007577771927825978,0.1036318222638198,1,15.83578935113548
237,50,753.2675187907862,15.065350375815724,39.45590224334946,77.63992117125807,0.01725814491625603,0.015930595307313257,0.1595487848334563,1,15.065350375815724
238,50,741.1042408991945,14.822084817983889,40.56428292429997,89.27737973199935,0.03103477045562944,0.02428808122614478,0.11056419438492808,1,14.822084817983889
239,50,836.0917818607918,16.721835637215836,40.927189753338986,76.91097239378992,0.029901023478977894,0.013156450330750274,0.1293736766438733,1,16.721835637215836
240,50,727.5794787415939,14.551589574831878,42.130623967185855,81.01325966014949,0.01649304351018111,0.012369782632635834,0.2098911236779847,1,14.551589574831878
241,50,743.9913772737716,14.879827545475433,41.131688412881324,78.90671400389462,0.021505625587529317,0.006720507996102912,0.12674587175828125,1,14.879827545475433
242,50,681.035009387543,13.620700187750861,37.55526073076397,73.25902347893373,0.023493652718953248,0.016151886244280357,0.14141168011926225,1,13.620700187750861
243,50,738.1378439826395,14.762756879652791,40.543015023005616,70.39699809772003,0.025740449639440065,0.016257126088067408,0.14476769661347014,1,14.762756879652791
244,50,719.1439420674569,14.382878841349138,39.9430212475741,74.45561483862204,0.02224867521514792,0.01946759081325443,0.20170018824724514,1,14.382878841349138
245,50,773.9093971773741,15.478187943547482,40.23195480434574,78.53922774237418,0.028427100226769527,0.012921409193986148,0.0791866194452594,1,15.478187943547482
246,50,804.9834198832759,16.099668397665518,38.31868269399228,67.38872224283371,0.018633924164767307,0.009938092887875897,0.20713553403113538,1,16.099668397665518
247,50,811.9764257661883,16.239528515323766,41.875450521505115,73.62030212967626,0.02339969412544389,0.01231562848707573,0.20966365686877952,1,16.239528515323766
248,50,755.2533979975017,15.105067959950034,40.09219174596403,67.32005317912005,0.015888707064168277,0.014564648142154253,0.17818189221694952,1,15.105067959950034
249,50,706.3853219944872,14.127706439889744,41.20400546064849,81.83809030324326,0.019819211362533465,0.012740921590200084,0.18075230253195992,1,14.127706439889744
250,50,744.253034554781,14.885060691095621,39.75791474269896,80.87359525514654,0.018810806741789005,0.021498064847758864,0.1741334900810216,1,14.885060691095621
251,50,726.932514160492,14.53865028320984,39.910950281225794,76.07774268072917,0.017883365713821767,0.012380791648030454,0.12741953603731687,1,14.53865028320984
252,50,704.1804253542257,14.083608507084513,43.10131328387036,81.08586659341907,0.02272144953752652,0.009940634172667853,0.14282889761919718,1,14.083608507084513
253,50,726.5313835127392,14.530627670254784,40.62556725833311,75.02584244760372,0.026151657631272644,0.015140433365473637,0.16455894033967947,1,14.530627670254784
254,50,752.0949423298723,15.041898846597446,39.973152224963165,84.18300917319051,0.011966574289303701,0.017285051751216456,0.1307457461377104,1,15.041898846597446
255,50,709.3590010797533,14.187180021595065,37.738023750416254,68.17214933984383,0.02255557478744267,0.0211458513632275,0.19830265448046297,1,14.187180021595065
256,50,771.041952829706,15.42083905659412,39.67209830431631,74.9383758663812,0.014266409187762424,0.014266409187762424,0.1460529097842277,1,15.42083905659412
257,50,720.065159781151,14.40130319562302,38.62109152800827,72.46518852785387,0.026386500918576118,0.013887632062408483,0.1238757100162135,1,14.40130319562302
258,50,805.1208528002951,16.1024170560059,41.093000215336744,82.61216240141289,0.019872792940774434,0.013662545146782425,0.1656200415892398,1,16.1024170560059
259,50,696.5003064832521,13.930006129665042,40.94821511148226,72.00772285168276,0.020100493667674562,0.01722899457229248,0.10979426456593415,1,13.930006129665042
260,50,709.1786600338652,14.183573200677303,40.29743689649256,84.64498072511171,0.02115122866117222,0.005640327642979258,0.16367369959881903,1,14.183573200677303
261,50,748.6147056721701,14.972294113443402,37.87394992736749,74.95568297188348,0.02137281017694388,0.020037009540884887,0.12093983383921351,1,14.972294113443402
262,50,729.4079856013592,14.588159712027185,39.57787672669152,79.04580580053744,0.0260485220549587,0.01782267298497174,0.14598030032519024,1,14.588159712027185
263,50,774.3901440898832,15.487802881797663,39.766511853719706,68.57652631825547,0.028409452480643235,0.015496064989441765,0.10500676368111703,1,15.487802881797663
264,50,739.6257626652296,14.792515253304591,39.47263303170739,77.92578103308078,0.032448842659991164,0.01892849155166151,0.15450253794790536,1,14.792515253304591
265,50,745.4037751596304,14.908075503192608,42.211494595034374,78.54478016302477,0.018781766965161747,0.018781766965161747,0.18315527809657067,1,14.908075503192608
266,50,783.5582491161493,15.671164982322987,40.11388226229546,76.7016723290445,0.026800815413133505,0.008933605137711168,0.14515336480819863,1,15.671164982322987
267,50,758.44801145784,15.1689602291568,41.42999424749786,75.93801026983337,0.018458747057810993,0.014503301259708636,0.15288579170397995,1,15.1689602291568
268,50,777.3342383055488,15.546684766110975,39.742231523582994,79.06219865535196,0.02058316643156896,0.01672382272564978,0.2067448033628438,1,15.546684766110975
269,50,806.6867418532037,16.133734837064072,39.71251577519138,76.79846504295863,0.017354939995465602,0.01239638571104686,0.14917144584004532,1,16.133734837064072
270,50,714.2121019390504,14.284242038781008,38.74439746367689,86.41797343849049,0.02240230872112191,0.01820187583591155,0.18190670053797522,1,14.284242038781008
271,50,775.3021356997448,15.506042713994896,38.37073655014386,78.40417048452348,0.020637115858786182,0.015477836894089637,0.10537423374097438,1,15.506042713994896
272,50,831.6248824470199,16.632497648940397,41.99332585962964,75.8870264100605,0.014429582679982497,0.009619721786654998,0.10734466036188288,1,16.632497648940397
273,50,761.7905854770895,15.23581170954179,41.926853874536945,82.29154622400596,0.010501573729727584,0.017065057310807326,0.14548320548090754,1,15.23581170954179
274,50,701.4605308320117,14.029210616640235,39.74081702986897,68.66113100712317,0.018532760474178823,0.01995835743373104,0.16217932290320503,1,14.029210616640235
275,50,718.3269158854027,14.366538317708056,41.0727277281712,69.90404528113874,0.015313361864550916,0.01948973328215571,0.19881946358448627,1,14.366538317708056
276,50,769.8949825442012,15.397899650884023,39.56211514551389,71.67676950931269,0.016885419823155747,0.016885419823155747,0.16366631846788415,1,15.397899650884023
277,50,769.9551834638893,15.399103669277785,39.901910817897345,77.25407775077775,0.018182876485117648,0.0077926613507647065,0.15182405651737776,1,15.399103669277785
278,50,742.0305936554666,14.840611873109333,40.63438883184455,78.03118176294592,0.01886714661053499,0.004042959987971783,0.1402255827728477,1,14.840611873109333
279,50,753.7031232639958,15.074062465279917,39.4285793015551,79.48007824394602,0.023882082274051062,0.018574952879817492,0.15113726807216096,1,15.074062465279917
280,50,759.9995651669915,15.19999130333983,37.15360084236693,66.2083693901327,0.018421063171166208,0.01315790226511872,0.17736092194494696,1,15.19999130333983
281,50,758.6621195266459,15.173242390532918,40.07151534731759,74.595071347281,0.018453537668039963,0.014499208167745685,0.19939526544504368,1,15.173242390532918
282,50,760.7432691009228,15.214865382018456,38.83080508673288,71.1521751164343,0.01971755861570436,0.010516031261708992,0.18890812737943863,1,15.214865382018456
283,50,729.1695332712069,14.583390665424139,39.6208921968255,74.08506584484873,0.027428463597862933,0.010971385439145174,0.1280108523523651,1,14.583390665424139
284,50,738.1540221064392,14.763080442128786,38.86061537139648,79.66430462995203,0.02303042385583406,0.012192577335441561,0.2189644374538926,1,14.763080442128786
285,50,750.8135783714698,15.016271567429396,40.42357158028703,72.84565753163396,0.027969659320159653,0.014650773929607437,0.18032334415078943,1,15.016271567429396
286,50,804.1259208333807,16.082518416667615,41.97949127489741,78.19510463278709,0.024871726531676012,0.01616662224558941,0.12372907141531411,1,16.082518416667615
287,50,752.9151216879545,15.05830243375909,39.05070535119222,73.50084456888784,0.01593805152046527,0.01593805152046527,0.17333120558391035,1,15.05830243375909
288,50,755.1217330826928,15.102434661653856,40.04077194851879,80.42515125748136,0.010594318305925285,0.011918608094165947,0.2144650483201906,1,15.102434661653856
289,50,729.6294655044259,14.592589310088517,41.587496483928426,79.56099086688288,0.017817262891120372,0.012335028155391028,0.12042905219030171,1,14.592589310088517
290,50,793.6566359849803,15.873132719699607,40.62946399790026,78.83526073350393,0.02393982377079194,0.021419842321234894,0.14710819120255186,1,15.873132719699607
291,50,729.4636534251283,14.589273068502566,40.2135295489082,66.63202170429992,0.02330479376207175,0.013708702212983382,0.18002668232458882,1,14.589273068502566
292,50,698.7772231906332,13.975544463812664,39.09702437964392,75.97978824728685,0.018603926356731682,0.011448570065681035,0.18425729563165028,1,13.975544463812664
293,50,710.048029850592,14.20096059701184,41.05626482747184,79.2830964740001,0.022533686916033996,0.009858488025764873,0.13000889613780578,1,14.20096059701184
294,50,781.5904124447478,15.631808248894956,39.725462889393114,73.07339593073183,0.02814773524560759,0.014073867622803795,0.11524771234657351,1,15.631808248894956
295,50,680.5475836723382,13.610951673446763,41.05172930533856,90.30605721243424,0.020571669543595867,0.013224644706597344,0.10125867531218595,1,13.610951673446763
296,50,760.4663035375547,15.209326070751095,40.19106270883049,74.8003194270606,0.013149826564940181,0.0144648092214342,0.17016965761720046,1,15.209326070751095
297,50,764.7928389189171,15.295856778378344,41.393588135997916,78.67279634636557,0.020920697979621525,0.018305610732168832,0.1218362404987643,1,15.295856778378344
298,50,760.9834826846836,15.219669653693673,39.64208475161804,79.86383237526273,0.018397245562557042,0.013140889687540744,0.1576994045138267,1,15.219669653693673
299,50,708.0858220539441,14.161716441078882,41.533674751554315,75.80368273379887,0.018359356443956056,0.021183872819949295,0.10375936956930293,1,14.161716441078882
300,50,853.0797051983718,17.061594103967437,36.99756030759452,70.00469647338782,0.012894457496726058,0.014066680905519335,0.15324517480157493,1,17.061594103967437
301,50,728.6811693462647,14.573623386925295,36.828328143170566,76.0873389833533,0.01921279235548255,0.015095765422164861,0.14083584618650447,1,14.573623386925295
302,50,793.1264789766387,15.862529579532774,38.3077675392718,72.9891793468355,0.02647749199736218,0.021434160188340812,0.10496195516261493,1,15.862529579532774
303,50,663.9148711073314,13.278297422146627,37.37399549218035,69.02745653635625,0.01807460643257685,0.012049737621717899,0.1989389371660693,1,13.278297422146627
304,50,741.8392221969938,14.836784443939875,40.82869773502174,78.69621325911129,0.012132008837907025,0.009436006873927686,0.11071715176905421,1,14.836784443939875
305,50,740.2535289061134,14.805070578122267,40.52168785845297,70.28903828175534,0.02566688203172319,0.01621066233582517,0.12486194551029149,1,14.805070578122267
306,50,742.9176007917273,14.858352015834546,40.099165233249295,76.07402041712392,0.009422310081952698,0.01076835437937451,0.15182645111859094,1,14.858352015834546
307,50,733.958650005938,14.67917300011876,41.50012515501743,74.77895645836864,0.02724949150723708,0.009537322027532978,0.1569646152755148,1,14.67917300011876
308,50,752.6169200996503,15.052338401993007,43.97906814584949,73.9448032151931,0.022587852526288026,0.018601760904001903,0.17201428682638584,1,15.052338401993007
309,50,674.8444254268329,13.496888508536658,41.99656946117908,77.85817097738366,0.02222734519961788,0.013336407119770728,0.18036215694125943,1,13.496888508536658
310,50,739.5963937203325,14.79192787440665,38.65392131830344,73.03014037589224,0.018929243191109845,0.020281331990474834,0.16530272942677407,1,14.79192787440665
311,50,735.0748252168023,14.701496504336045,37.44420318961305,84.00699874293235,0.020406085864219214,0.008162434345687686,0.1671293042740463,1,14.701496504336045
312,50,766.210944586464,15.32421889172928,35.96539789287353,68.08651442036832,0.016966607031456984,0.020881977884870135,0.1494975857029663,1,15.32421889172928
313,50,727.3782684234689,14.547565368469376,39.51021363161662,72.07224900334357,0.026121209314076566,0.015122805392360118,0.17631078080891519,1,14.547565368469376
314,50,736.4987675117507,14.729975350235014,39.001581772271955,67.30291934258247,0.02308218390837805,0.009504428668155667,0.156893644020236,1,14.729975350235014
315,50,736.872168177759,14.73744336355518,40.850907288495755,71.09390919075985,0.024427574791585537,0.009499612418949931,0.11674103517569143,1,14.73744336355518
316,50,723.1385573303598,14.462771146607198,41.88446733233173,73.8919204659977,0.019360051898884182,0.013828608499202985,0.12267155360824969,1,14.462771146607198
317,50,766.9365640166662,15.338731280333326,41.35960872982352,77.11659469081444,0.016950554465567896,0.013038888050436842,0.11552946474959847,1,15.338731280333326
318,50,687.0385639543142,13.740771279086283,41.40760806020817,82.2741074808188,0.01892179083103762,0.01018865660132795,0.13351800618159407,1,13.740771279086283
319,50,669.6273910272012,13.392547820544022,41.59132411009074,78.53973394329829,0.02090714953957327,0.01194694259404187,0.12911836617064718,1,13.392547820544022
320,50,751.3581591908836,15.027163183817672,41.43159605463607,74.82387935242488,0.018632924696094608,0.013309231925781864,0.07046587090301397,1,15.027163183817672
321,50,702.2665000310134,14.045330000620268,44.17577486528816,78.90781296282336,0.024207334394064434,0.008543765080258036,0.1783613464807941,1,14.045330000620268
322,50,768.4997924893023,15.369995849786045,41.24609998364184,79.75390572351122,0.02212102093734351,0.01040989220580871,0.08276241022314151,1,15.369995849786045
323,50,784.8054924059052,15.696109848118104,41.26780492159127,68.75646752855747,0.00891940750636282,0.00891940750636282,0.1395000934019311,1,15.696109848118104
324,50,747.7746680007676,14.955493360015353,39.761763093499795,71.55882048227944,0.013373012523593183,0.013373012523593183,0.2558138373236896,1,14.955493360015353
325,50,777.378474377638,15.54756948755276,42.21982237218059,79.38760207179384,0.018009245768231836,0.010290997581846763,0.11386587671601209,1,15.54756948755276
326,50,799.0619786078522,15.981239572157044,39.492853046758405,73.40153862918477,0.015017608547595682,0.01251467378966307,0.201462858109059,1,15.981239572157044
327,50,750.9992835666898,15.019985671333796,40.16315582838431,77.09357793773917,0.018641828702565977,0.011984032737363842,0.1655166373953775,1,15.019985671333796
328,50,750.0562959651097,15.001125919302194,38.33356178218554,74.85043985519513,0.00933263281390497,0.013332332591292814,0.18024121327162848,1,15.001125919302194
329,50,744.0988873591485,14.88197774718297,40.301092641645454,82.95179689428649,0.028222055370261685,0.009407351790087228,0.16579717388972012,1,14.88197774718297
330,50,735.3050299945216,14.706100599890434,39.81789534105656,71.17379132345198,0.021759677069146673,0.010879838534573336,0.05714478007745759,1,14.706100599890434
331,50,744.4563076317016,14.889126152634033,40.24372433014051,76.83689787578334,0.018805670469147395,0.021492194821882738,0.1420515778971976,1,14.889126152634033
332,50,756.8039885175492,15.136079770350984,39.46032096276649,82.49072037470752,0.02114153762765084,0.023784229831107194,0.14788848526303264,1,15.136079770350984
333,50,739.342011575706,14.78684023151412,39.562936596917126,76.71669359438651,0.02569852612528629,0.013525540065940153,0.16694781895734506,1,14.78684023151412
334,50,726.6136483994325,14.53227296798865,40.924505518515815,80.79966284409517,0.02339620242125537,0.012386224811252842,0.15879916479975748,1,14.53227296798865
335,50,717.6974965242943,14.353949930485886,37.66537205945179,63.87353075771925,0.012540102262562854,0.013933446958403171,0.1263091561637043,1,14.353949930485886
336,50,749.4258507884597,14.988517015769194,40.2457623000241,74.15233049693441,0.02802145132557973,0.013343548250276062,0.16151474388890952,1,14.988517015769194
337,50,793.1832837114954,15.863665674229908,40.72185992484783,81.35130076829964,0.022693367812510707,0.01008594125000476,0.13108497777857728,1,15.863665674229908
338,50,783.999961018787,15.67999922037574,40.874787249918185,79.9717312287584,0.022959184815021523,0.01530612321001435,0.21291907035230653,1,15.67999922037574
339,50,707.2149106022614,14.144298212045229,41.177582906066,79.74021028523117,0.025451952058916955,0.025451952058916955,0.20570874606234657,1,14.144298212045229
340,50,753.8686501292125,15.077373002584249,41.02790795990706,77.24443300387392,0.018570874379244196,0.019897365406333068,0.13702196903035266,1,15.077373002584249
341,50,738.0514059413254,14.761028118826507,38.948136022155865,77.63675610262725,0.01490411089451199,0.012194272550055264,0.14440500700134432,1,14.761028118826507
342,50,633.4940534878074,12.669881069756148,39.48849489315946,77.21382058847617,0.01420692104440286,0.022099654957960003,0.09126134417155363,1,12.669881069756148
343,50,742.2247125771511,14.844494251543022,38.05513263283224,67.54857003202916,0.02425141563597423,0.01347300868665235,0.11512473958025439,1,14.844494251543022
344,50,717.216828685102,14.344336573702039,40.072078342916086,69.83444682739743,0.009759949460239713,0.009759949460239713,0.18372518427576365,1,14.344336573702039
345,50,756.6652365926524,15.133304731853048,40.81004370614035,63.52458349862678,0.018502237611765483,0.018502237611765483,0.16993460117034043,1,15.133304731853048
346,50,781.7215402702927,15.634430805405854,39.55793216667859,75.98562849811903,0.017909190522189367,0.010233823155536781,0.12492972701168234,1,15.634430805405854
347,50,780.534679603183,15.61069359206366,40.10868008131665,80.92616277229688,0.024342288044984027,0.011530557494992435,0.09989775360718327,1,15.61069359206366
348,50,811.3796425651105,16.227592851302212,38.7604530948592,69.5465247560102,0.03450912314176417,0.01355715551997878,0.21765402649039425,1,16.227592851302212
349,50,714.6824928911651,14.293649857823302,40.44090280648588,75.92605542100722,0.022387563931045597,0.015391450202593849,0.14170384839485448,1,14.293649857823302
350,50,750.9099666205886,15.018199332411774,39.25954612371367,76.14442734775224,0.02130748120444684,0.014648893328057203,0.18729425842966596,1,15.018199332411774
351,50,771.7308099850139,15.43461619970028,39.5930053834674,83.19074036551365,0.02591577236677693,0.01425367480172731,0.12211648303862628,1,15.43461619970028
352,50,780.3893536874264,15.607787073748527,39.41176254032826,74.61949006507479,0.020502586208279525,0.017939762932244585,0.08455533441685013,1,15.607787073748527
353,50,736.1614618607817,14.723229237215635,41.26577754139387,76.52198976597407,0.010867181202040308,0.012225578852295346,0.16156359692539693,1,14.723229237215635
354,50,761.7036322878726,15.23407264575745,38.591444662293625,76.56145176885934,0.011815619118117328,0.018379851961515845,0.22123222748973628,1,15.23407264575745
355,50,704.2663582937982,14.085327165875965,39.48125261843971,74.96825859167018,0.019878842479310408,0.014199173199507434,0.14382885713878563,1,14.085327165875965
356,50,756.825468619306,15.13650937238612,40.08277561693972,74.03844058808764,0.01585570319388415,0.018498320392864843,0.17965558027166906,1,15.13650937238612
357,50,748.3575170279278,14.967150340558556,38.96995687686368,77.83717242554013,0.014698856829401627,0.01603511654116541,0.19723150073658266,1,14.967150340558556
358,50,704.6715493044702,14.093430986089404,39.0605244323848,66.42792503414658,0.015610109434469568,0.019867412007506725,0.14360518350440812,1,14.093430986089404
359,50,726.1550413258614,14.523100826517227,38.965000878229226,64.82938835648504,0.01927962928472945,0.015148280152287426,0.11534020130787018,1,14.523100826517227
360,50,750.7433124050256,15.01486624810051,40.16401197232572,73.40590723419133,0.02930429034328982,0.018648184763911703,0.11777953618952082,1,15.01486624810051
361,50,782.4945949027663,15.649891898055325,39.756747522610986,76.2368660000357,0.026837246080414764,0.016613533287875806,0.20475741215978582,1,15.649891898055325
362,50,703.8074597726612,14.076149195453224,39.03068650152843,68.49671074203854,0.018470960799703895,0.018470960799703895,0.16495887526025446,1,14.076149195453224
363,50,848.3967235954334,16.967934471908666,39.83048204707618,69.96878397851461,0.018859101591285447,0.020037795440740788,0.17237001250169165,1,16.967934471908666
364,50,755.3127463289889,15.106254926579776,39.30862226673416,82.55304774660112,0.015887458616742584,0.023831187925113878,0.1657976731834923,1,15.106254926579776
365,50,744.0352523655632,14.880705047311265,40.59925768337488,67.08224885876028,0.01612826806505144,0.014784245726297152,0.15810337110242795,1,14.880705047311265
366,50,753.9757827446563,15.079515654893125,41.719396308265914,70.82108044637047,0.01724193309323122,0.018568235638864387,0.1176549400457383,1,15.079515654893125
367,50,724.5787100656667,14.491574201313334,38.30798805848153,73.52195068457615,0.030362470901202986,0.017941460077983584,0.20621943989116076,1,14.491574201313334
368,50,785.6521831436244,15.713043662872487,37.096225797396734,72.17569547794157,0.010182623012628384,0.024183729654992416,0.17033235560137502,1,15.713043662872487
369,50,693.5024763511439,13.870049527022877,41.426080391622364,71.28969138589574,0.01874542693545864,0.017303471017346438,0.1476932053977135,1,13.870049527022877
370,50,772.2412998332368,15.444825996664736,40.92997553601679,75.12923048252591,0.027193572791995052,0.00906452426399835,0.19850598792118998,1,15.444825996664736
371,50,747.1411229781879,14.942822459563759,40.805178784845694,72.4229747638199,0.022753398892348613,0.017399657976501882,0.11508977915709448,1,14.942822459563759
372,50,761.7884864255775,15.23576972851155,41.83704736168677,84.42849548623397,0.02231590566531988,0.017065104332303436,0.20722986352804426,1,15.23576972851155
373,50,778.145004426493,15.56290008852986,37.95785513816341,75.74977274836192,0.015421290288747941,0.017991505336872597,0.20685642519570743,1,15.56290008852986
374,50,768.566177171745,15.371323543434901,41.11416413652727,76.50981116386038,0.019516861976933024,0.010408993054364279,0.08268299335055833,1,15.371323543434901
375,50,757.5264932816144,15.150529865632288,39.59463318840826,71.5038990472506,0.00924060090581903,0.014520944280572762,0.13020462723962273,1,15.150529865632288
376,50,741.4842335695658,14.829684671391316,38.355984472586094,74.77118240736819,0.018881048802080188,0.018881048802080188,0.17148846811675958,1,14.829684671391316
377,50,770.5186379894444,15.410372759788888,42.410002875301316,81.3624560244369,0.01816957995530251,0.011680444256980185,0.08664151604432462,1,15.410372759788888
378,50,773.9533726742739,15.479067453485477,40.60757484414513,71.5568868847393,0.02713341751769594,0.021965147514325285,0.07394974836159336,1,15.479067453485477
379,50,724.7132875375918,14.494265750751836,40.523203536365365,79.58376618966344,0.006899280151173775,0.01931798442328657,0.17101643888236592,1,14.494265750751836
380,50,797.1488987768174,15.942977975536348,38.83822657847849,75.65426066494828,0.01881706168448166,0.011290237010688995,0.14919032425860634,1,15.942977975536348
381,50,791.0220174202317,15.820440348404635,37.60804010780917,68.16683160072512,0.01137768583149151,0.018962809719152516,0.1865817449625625,1,15.820440348404635
382,50,684.7297247376696,13.694594494753392,42.41869378317802,73.91624160605136,0.010223011718502225,0.01314387220950286,0.16917716745215666,1,13.694594494753392
383,50,741.1523263245488,14.823046526490975,41.42406738995671,72.77756968112864,0.013492503018362011,0.013492503018362011,0.21519258179729678,1,14.823046526490975
384,50,800.3621615310252,16.007243230620503,40.50943626040644,74.371023242787,0.018741515679984506,0.011244909407990703,0.2163440179853199,1,16.007243230620503
385,50,718.3919042636046,14.367838085272092,39.361446153450316,77.5391591945006,0.013919978692202288,0.016703974430642744,0.1368545569717776,1,14.367838085272092
386,50,716.0504353989243,14.321008707978486,38.675370423043894,68.56409952537402,0.01815514572343982,0.016758596052405986,0.21181360435339658,1,14.321008707978486
387,50,748.6758651032798,14.973517302065595,38.5007081416005,68.21099416900952,0.028049521800870465,0.01869968120058031,0.1562373604041342,1,14.973517302065595
388,50,732.0516801701757,14.641033603403514,40.665202590813045,71.53413909701868,0.012294213979411703,0.010928190203921512,0.07696845883739219,1,14.641033603403514
389,50,764.1067899557248,15.282135799114496,43.10296975168752,73.89771753750301,0.022248199104453765,0.013087175943796332,0.14732884227746407,1,15.282135799114496
390,50,772.0538888944718,15.441077777889436,37.981048569241295,65.18880941839141,0.015542956486085674,0.015542956486085674,0.22390864310312245,1,15.441077777889436
391,50,743.2323484217054,14.864646968434108,41.71612992136963,78.71315285821615,0.02018211402107742,0.005381897072287312,0.13859180055643133,1,14.864646968434108
392,50,741.3778410084564,14.827556820169127,38.96276195646902,79.26941679119638,0.026976797651242283,0.020232598238431713,0.11661502786948748,1,14.827556820169127
393,50,795.3674655400362,15.907349310800724,40.4145485222121,74.59136333709031,0.01634464642223365,0.011315524446161759,0.1712216532321938,1,15.907349310800724
394,50,735.1532102532937,14.703064205065873,40.19775948064289,76.69611828481536,0.02312443142857627,0.012242346050422731,0.11874899723276644,1,14.703064205065873
395,50,751.4590359538594,15.029180719077187,39.41722337167863,78.66838347489676,0.042583824891241094,0.019961167917769265,0.24196869293506926,1,15.029180719077187
396,50,763.0211001496341,15.260422002992682,38.582960392613934,71.95061902351839,0.017037536704359296,0.014416377211380942,0.1540341484195839,1,15.260422002992682
397,50,763.8360391049212,15.276720782098423,41.65589826910715,83.34120166424647,0.03272953712591974,0.019637722275551845,0.18537722149857497,1,15.276720782098423
398,50,719.2926599584864,14.385853199169729,39.64822651122007,79.69926584852648,0.02363432987204561,0.00695127349177812,0.10760790262656235,1,14.385853199169729
399,50,744.319537293589,14.886390745871779,38.471821581427186,83.8782114585622,0.030900707085601997,0.012091581033496434,0.20697089262956622,1,14.886390745871779
400,50,748.2066547542566,14.964133095085133,41.12788053719091,71.3171732834782,0.01470182058673733,0.01470182058673733,0.1550880954955281,1,14.964133095085133
401,50,753.2799749860966,15.065599499721932,41.47432362761138,72.69265885433784,0.02389549781982752,0.013275276566570845,0.15195078638376724,1,15.065599499721932
402,50,808.7060377744083,16.174120755488165,39.56426434489187,72.61833826897833,0.01607506237467514,0.011128889336313558,0.23764837311246567,1,16.174120755488165
403,50,777.7197582617157,15.554395165234315,38.99233347435196,74.14301761525884,0.025716204053632473,0.019287153040224353,0.11793379451845336,1,15.554395165234315
404,50,808.2158731660967,16.164317463321932,41.46302912143945,83.62269022349385,0.025983157096055063,0.017322104730703374,0.13499379477988938,1,16.164317463321932
405,50,740.5985649464789,14.811971298929578,37.565749990821786,80.37998524150211,0.02160414664205605,0.018903628311799044,0.1519052090102939,1,14.811971298929578
406,50,751.6100826647148,15.032201653294296,42.09487514304306,84.45634491948145,0.01862667934198702,0.013304770958562157,0.19390784756304913,1,15.032201653294296
407,50,761.8412590653879,15.236825181307758,39.433270631117544,82.68738078111186,0.02231435984558682,0.019689141040223665,0.11031954304425687,1,15.236825181307758
408,50,728.5622511628296,14.571245023256592,43.323210402645245,81.95535625397002,0.021961060944981743,0.01372566309061359,0.11924678292432121,1,14.571245023256592
409,50,724.7890744539336,14.495781489078672,40.613433170115144,71.20053494535323,0.013797117468325723,0.01241740572149315,0.09969144364643419,1,14.495781489078672
410,50,760.6446365422312,15.212892730844624,39.25065529364703,75.1188383201365,0.013146743590355675,0.018405441026497944,0.15528018354029124,1,15.212892730844624
411,50,784.0676824982282,15.681353649964565,42.01413712418271,72.71734600410653,0.015304801189822177,0.01402940109067033,0.16905249401732544,1,15.681353649964565
412,50,800.4378793116281,16.008757586232562,38.73090614145619,73.85277159456085,0.01749042663003395,0.01124384569073611,0.1900685991226913,1,16.008757586232562
413,50,741.7505178069592,14.835010356139184,40.81461554415378,71.52713043687963,0.01752610842582958,0.012133459679420476,0.18017532844046655,1,14.835010356139184
414,50,791.8133144319697,15.836266288639395,38.72848635265806,65.62505254275271,0.017680935322542925,0.021469707177373554,0.1267863310872363,1,15.836266288639395
415,50,729.5518441568947,14.591036883137894,41.025162505719315,71.86471427510261,0.020560567586988588,0.012336340552193154,0.1953890018027236,1,14.591036883137894
416,50,688.623357522206,13.77246715044412,38.4673545269982,72.49998183707973,0.011617381130935607,0.011617381130935607,0.14919551055162286,1,13.77246715044412
417,50,740.5468620901007,14.810937241802014,38.060751214802664,71.87644107005227,0.018904948108870185,0.021605654981565928,0.1540409837001276,1,14.810937241802014
418,50,814.9776987610733,16.299553975221464,40.209241400150795,67.86963036279585,0.017178384170858617,0.015951356730083,0.10727228880473612,1,16.299553975221464
419,50,779.2580414047742,15.585160828095484,40.815905023303706,76.92436801966228,0.017965807545292825,0.014115991642730075,0.13640397808033547,1,15.585160828095484
420,50,800.3810787496845,16.007621574993692,40.0819981944356,76.6551493939878,0.011244643631580285,0.01249404847953365,0.15137566367189575,1,16.007621574993692
421,50,737.4762543649852,14.749525087299704,39.867291422138265,76.25339997720678,0.012203782761452548,0.024407565522905097,0.061287603085703926,1,14.749525087299704
422,50,757.4853339222915,15.14970667844583,38.92141115408964,72.41683459642351,0.022442678740687,0.015841890875779058,0.1695024408139708,1,15.14970667844583
423,50,804.3875218737262,16.087750437474526,40.89291007968822,69.19252689461327,0.022377274025921132,0.02113409213559218,0.1714721978584956,1,16.087750437474526
424,50,733.2693554530218,14.665387109060436,41.4776301195838,73.96665066417033,0.016365064093788934,0.016365064093788934,0.12904098147282803,1,14.665387109060436
425,50,794.0458612280926,15.880917224561852,40.03050350660958,79.13932414899313,0.02518746205548816,0.008815611719420857,0.18214463563071387,1,15.880917224561852
426,50,674.5671680048229,13.491343360096458,39.23558398322945,67.95497586461073,0.017789184782729017,0.010377024456591926,0.133411143035117,1,13.491343360096458
427,50,739.4641828777893,14.789283657555787,41.30733805583038,79.1750033563513,0.016227966516646326,0.017580297059700187,0.1355376263339546,1,14.789283657555787
428,50,770.0587752038141,15.401175504076281,41.23297527871922,76.40424577153647,0.016881828268964595,0.009090215221750166,0.10216537338159086,1,15.401175504076281
429,50,825.277558069105,16.5055511613821,38.38804161765489,61.89800616950971,0.020599130357760804,0.009693708403652142,0.1656992195229499,1,16.5055511613821
430,50,773.7724601542806,15.475449203085612,40.83043805793438,75.9812383039171,0.014216065531469984,0.011631326343929988,0.1962458744120776,1,15.475449203085612
431,50,716.5461723387452,14.330923446774905,40.96597332836613,73.54488887094962,0.02093375218381432,0.022329335662735275,0.1607072337548882,1,14.330923446774905
432,50,707.4126679196714,14.14825335839343,39.769407410423646,72.7980788233128,0.01979042874814582,0.01979042874814582,0.1569436751770544,1,14.14825335839343
433,50,757.3150717474538,15.146301434949075,41.10123612014867,82.12149903488928,0.02112727000544314,0.01848636125476275,0.2016544352636218,1,15.146301434949075
434,50,723.0347250700232,14.460694501400464,39.82312330146583,106.65795495337494,0.02351201043401285,0.02904424818319234,0.1215148938288996,1,14.460694501400464
435,50,778.7723270226712,15.575446540453424,39.7988180414355,77.69267814587221,0.014124795679443514,0.01027257867595892,0.18004816462013853,1,15.575446540453424
436,50,754.8012090777969,15.096024181555938,39.282722998156125,73.92873807123141,0.027821895020090703,0.019872782157207645,0.12980876887623047,1,15.096024181555938
437,50,749.7194431992571,14.994388863985142,41.765758096105884,79.91653035397727,0.020007484314386877,0.0160059874515095,0.1612580859489616,1,14.994388863985142
438,50,759.3971624655923,15.187943249311845,38.06602650382415,73.3558284930011,0.015802007951990094,0.013168339959991745,0.18793502817386182,1,15.187943249311845
439,50,780.6200648975212,15.612401297950424,38.437953258392184,73.37612145479797,0.02049652669650563,0.012810329185316018,0.11750004896496064,1,15.612401297950424
440,50,709.0914800669268,14.181829601338537,39.383777243618745,66.7744412857946,0.01833331857093109,0.015512808021557073,0.1728137159804633,1,14.181829601338537
441,50,732.5174339466812,14.650348678933623,41.162767750397045,75.9232324110823,0.01911217310497355,0.020477328326757378,0.11788973794598098,1,14.650348678933623
442,50,757.2182824802929,15.14436564960586,40.155989184493436,85.32840718638423,0.019809347379816312,0.010564985269235367,0.13573591490450002,1,15.14436564960586
443,50,785.1554404823061,15.703108809646121,38.514898193421516,71.72792712464911,0.01783086415525576,0.0076417989236810405,0.2015692122789215,1,15.703108809646121
444,50,714.4712069528465,14.28942413905693,40.908703810677316,74.49598664894935,0.015396001816383871,0.015396001816383871,0.12320574349447096,1,14.28942413905693
445,50,727.5874131410013,14.551748262820027,37.15342359652928,66.20631142388977,0.015118458347860778,0.005497621217403919,0.15171176098628003,1,14.551748262820027
446,50,768.9726533985756,15.379453067971513,41.324197033967515,89.09018120072967,0.019506545432669848,0.00650218181088995,0.15157916163326518,1,15.379453067971513
447,50,716.3627458043546,14.327254916087092,39.39499724703754,71.31710384206028,0.020939112325219437,0.00977158575176907,0.09027169015398985,1,14.327254916087092
448,50,773.5755616830272,15.471511233660545,40.82134193777828,76.1526474061025,0.023268573739375062,0.020683176657222278,0.12943980065142444,1,15.471511233660545
449,50,712.5904712361659,14.251809424723318,40.68290237282552,78.77224897407604,0.01824329755272795,0.016839966971748874,0.09585382395923023,1,14.251809424723318
450,50,785.57473516183,15.7114947032366,40.52042453535256,72.98552062644174,0.010183626893693296,0.020367253787386592,0.11081773126623848,1,15.7114947032366
451,50,756.8233468506935,15.13646693701387,37.15231477462803,74.4830625118171,0.02510493377227742,0.009249186126628523,0.18653940893773538,1,15.13646693701387
452,50,732.6403540434261,14.652807080868522,38.11718328943553,69.42941255599726,0.013649261803298464,0.01091940944263877,0.18868379377626635,1,14.652807080868522
453,50,705.3796713247759,14.10759342649552,40.78308539751607,80.6937787662832,0.021265143595403664,0.014176762396935775,0.12199971142069432,1,14.10759342649552
454,50,750.9763164286186,15.019526328572372,38.43381590006723,75.52619549724139,0.013315999161673316,0.013315999161673316,0.12360414178770768,1,15.019526328572372
455,50,776.1080686118594,15.522161372237187,39.67054183867769,70.6595711125816,0.006442401776524447,0.01803872497426845,0.17093042369207187,1,15.522161372237187
456,50,747.873789965502,14.957475799310041,39.33968481734911,76.69344403515296,0.017382612112398894,0.0213939841383371,0.11237591592247716,1,14.957475799310041
457,50,752.2299961846079,15.044599923692157,38.99166970730823,70.31341221974272,0.021270090372829766,0.014623187131320464,0.189658118876042,1,15.044599923692157
458,50,782.3058802552995,15.64611760510599,41.221290583452564,68.57461463660471,0.017895813329986996,0.01150445142642021,0.22324508662143241,1,15.64611760510599
459,50,798.0083741805958,15.960167483611915,41.018103922701165,77.01653193348777,0.020049914910265174,0.012531196818915735,0.1715488331217946,1,15.960167483611915
460,50,823.5477882775601,16.470955765551203,41.75589763523333,79.41863595876153,0.02428517237819283,0.01578536204582534,0.18133850077330105,1,16.470955765551203
461,50,743.443779208545,14.868875584170901,39.499399091314714,75.34006805299639,0.026901832471167612,0.012105824612025426,0.10909762667380632,1,14.868875584170901
462,50,698.2767450156382,13.965534900312765,40.47756872326471,70.70877471912617,0.028641939091859758,0.007160484772964939,0.20827504384833406,1,13.965534900312765
463,50,812.2049059747062,16.244098119494126,40.51500952746142,76.70825909505776,0.018468245992677042,0.01723702959316524,0.16328462162244925,1,16.244098119494126
464,50,727.6617411401363,14.553234822802727,40.69886661363503,72.71405698416864,0.02061397370775226,0.010994119310801206,0.20433853110757952,1,14.553234822802727
465,50,759.5454886806309,15.190909773612619,39.8622795359075,75.76791926583536,0.013165768408907947,0.007899461045344768,0.11105739362247283,1,15.190909773612619
466,50,767.7033598188655,15.35406719637731,42.02077376474811,79.96423767001778,0.014328451034258047,0.01042069166127858,0.1283399191590362,1,15.35406719637731
467,50,725.1518549947068,14.503037099894136,40.00007971120112,78.48477122106212,0.022064344026420216,0.017927279521466426,0.22575889525406487,1,14.503037099894136
468,50,791.7136646316334,15.834273292632668,39.51409439443007,75.2764654102026,0.018946243661184203,0.016420077839692977,0.13950825978688655,1,15.834273292632668
469,50,741.9435966985441,14.838871933970882,41.25338198440668,76.31553207062677,0.017521547537908026,0.01617373618883818,0.25894327620723634,1,14.838871933970882
470,50,751.0467175320397,15.020934350640793,40.56846771497226,72.14687401372967,0.026629501911306603,0.00932032566895731,0.14147014040246542,1,15.020934350640793
471,50,793.3402188868048,15.866804377736095,39.60454616224664,74.97223049813053,0.023949371968889122,0.01512591913824576,0.18883035417287336,1,15.866804377736095
472,50,811.7908426187943,16.235816852375887,39.41910640459078,66.26593301367194,0.02586873231072072,0.017245821540480478,0.14353650383521957,1,16.235816852375887
473,50,768.3733857029464,15.367467714058927,39.86092571492942,70.50050935510836,0.0078087035699588945,0.01431595654492464,0.13496959158343122,1,15.367467714058927
474,50,709.4596144187811,14.189192288375622,38.91476412332187,71.26187765940944,0.02255237602651684,0.01832380552154493,0.18844950894084478,1,14.189192288375622
475,50,715.323560748422,14.30647121496844,39.412932276812846,76.07050423043411,0.022367500356425655,0.015377656495042637,0.20783419024830616,1,14.30647121496844
476,50,709.0252774618009,14.180505549236019,39.736427227516266,83.64561802851203,0.026797352088795783,0.015514256472460717,0.14144007330438071,1,14.180505549236019
477,50,718.6477119867383,14.372954239734765,41.590711371657164,77.1625304621997,0.02226403804413039,0.008349014266548896,0.19752866661693866,1,14.372954239734765
478,50,714.1469610872883,14.282939221745767,38.355235930746524,88.2587913792558,0.016803264109294825,0.01400272009107902,0.13889152334293697,1,14.282939221745767
479,50,697.3680579921955,13.947361159843911,40.24187045748407,79.97429911498617,0.017207556128322553,0.014339630106935461,0.09914693990630576,1,13.947361159843911
480,50,779.6363716440289,15.59272743288058,40.28134137294245,84.31639765958715,0.021805037089472734,0.010261193924457757,0.1669002417233788,1,15.59272743288058
481,50,735.437464828696,14.70874929657392,38.418580685998414,69.77399559292834,0.02583496341789663,0.013597349167314017,0.14742091857568212,1,14.70874929657392
482,50,703.80812224331,14.076162444866199,38.71679164718719,85.80173866886122,0.009945892607332066,0.008525050806284629,0.14972824320358194,1,14.076162444866199
483,50,778.2839980722051,15.565679961444102,40.56139651965312,81.67004758897133,0.023127804303551994,0.016703414219231997,0.10601400017905725,1,15.565679961444102
484,50,731.8534409027797,14.637068818055592,37.798982719691764,74.11494947025636,0.0245950882977281,0.019129513120455188,0.10542397915629542,1,14.637068818055592
485,50,709.6125822278153,14.192251644556306,39.85997630239439,78.89523962279253,0.02395673417546913,0.019729075203327517,0.12586602596177013,1,14.192251644556306
486,50,767.708473184216,15.35416946368432,38.96121171233539,74.39925040998415,0.028656711197612345,0.01953866672564478,0.12487230029521447,1,15.35416946368432
487,50,716.2463233195975,14.32492646639195,44.065306563560085,71.83002396873216,0.018150180429197468,0.015357844978551702,0.2186381728299965,1,14.32492646639195
488,50,738.9748671234515,14.77949734246903,38.730214373446614,68.14172362813491,0.018945163932972013,0.014885485947335153,0.1141847038873776,1,14.77949734246903
489,50,800.087069444154,16.00174138888308,37.922288631937846,68.37661687358674,0.01749809556318195,0.014998367625584527,0.09824106462597855,1,16.00174138888308
490,50,741.5392661292528,14.830785322585056,40.95777318930186,74.6435607154714,0.028319471347238986,0.010788370037043422,0.21461000010225212,1,14.830785322585056
491,50,803.5881076991249,16.071762153982498,37.563101435900535,74.48335198664842,0.016177441994782965,0.01991069783973288,0.11886298693609083,1,16.071762153982498
492,50,762.8982790400878,15.257965580801756,40.5479564400864,70.47034304968878,0.017040279624640352,0.014418698143926451,0.2378677750849108,1,15.257965580801756
493,50,801.1876229400497,16.023752458800992,39.77961687669027,73.81084603409754,0.013729617988398576,0.014977765078252991,0.1200669953397014,1,16.023752458800992
494,50,726.8139717159837,14.536279434319674,41.218692129344866,80.38289529563622,0.013758678821749025,0.01651041458609883,0.20065014714883406,1,14.536279434319674
495,50,761.7452921925102,15.234905843850203,39.847597748057,72.60422103783868,0.027568270149141698,0.01706607199708772,0.17335198406218452,1,15.234905843850203
496,50,743.9647970179599,14.879295940359198,40.87527413802725,77.1761305889749,0.020162244316027613,0.010753196968548059,0.10788244142358501,1,14.879295940359198
497,50,737.6872029171416,14.753744058342832,39.94303879774924,71.07164362571184,0.017622645409317454,0.010844704867272278,0.15697238715425593,1,14.753744058342832
498,50,750.2551429277047,15.005102858554094,40.50659620224487,78.27619963966951,0.02132607840255988,0.009330159301119948,0.13945697831650014,1,15.005102858554094
499,50,743.9308401467764,14.878616802935529,40.389473128378306,79.01264381738379,0.0215073756007255,0.009409476825317406,0.18990009722845855,1,14.878616802935529
500,50,736.3898941543206,14.727797883086412,39.08392177492708,71.18745865791315,0.00950583387356081,0.01901166774712162,0.11736960413907971,1,14.727797883086412
